Categoria,Jogo,Mes,Ano,Media,Ganho_Absoluto,Ganho_Porcentagem,Jogadores
STORY DRIVEN,Red Dead 2,Last 30 Days,,32271.2,3677.5,12.86,62.901
STORY DRIVEN,Red Dead 2,September,2025,28593.7,-2083.7,-6.79,57.251
STORY DRIVEN,Red Dead 2,August,2025,30677.4,-7619.9,-19.9,54.558
STORY DRIVEN,Red Dead 2,July,2025,38297.3,5932.2,18.33,61.175
STORY DRIVEN,Red Dead 2,June,2025,32365.1,35.0,0.11,66.882
STORY DRIVEN,Red Dead 2,May,2025,32330.1,-2662.6,-7.61,61.466
STORY DRIVEN,Red Dead 2,April,2025,34992.7,1148.7,3.39,69.716
STORY DRIVEN,Red Dead 2,March,2025,33844.0,-14961.7,-30.66,67.662
STORY DRIVEN,Red Dead 2,February,2025,48805.7,9769.6,25.03,99.759
STORY DRIVEN,Red Dead 2,January,2025,39036.2,5028.9,14.79,86.405
STORY DRIVEN,Red Dead 2,December,2024,34007.2,8678.4,34.26,55.781
STORY DRIVEN,Red Dead 2,November,2024,25328.8,3275.7,14.85,49.554
STORY DRIVEN,Red Dead 2,October,2024,22053.1,-2470.7,-10.07,41.902
STORY DRIVEN,Red Dead 2,September,2024,24523.8,-1085.9,-4.24,44.993
STORY DRIVEN,Red Dead 2,August,2024,25609.7,-5103.9,-16.62,46.985
STORY DRIVEN,Red Dead 2,July,2024,30713.6,4976.7,19.34,51.175
STORY DRIVEN,Red Dead 2,June,2024,25736.9,2886.3,12.63,47.009
STORY DRIVEN,Red Dead 2,May,2024,22850.6,-5058.6,-18.13,41.324
STORY DRIVEN,Red Dead 2,April,2024,27909.2,-1910.7,-6.41,50.627
STORY DRIVEN,Red Dead 2,March,2024,29820.0,-4631.5,-13.44,56.052
STORY DRIVEN,Red Dead 2,February,2024,34451.5,-4901.0,-12.45,62.584
STORY DRIVEN,Red Dead 2,January,2024,39352.6,-4068.9,-9.37,72.729
STORY DRIVEN,Red Dead 2,December,2023,43421.4,10868.8,33.39,75.466
STORY DRIVEN,Red Dead 2,November,2023,32552.6,7461.7,29.74,77.335
STORY DRIVEN,Red Dead 2,October,2023,25091.0,-3951.7,-13.61,52.269
STORY DRIVEN,Red Dead 2,September,2023,29042.7,793.6,2.81,60.944
STORY DRIVEN,Red Dead 2,August,2023,28249.1,-4241.0,-13.05,51.519
STORY DRIVEN,Red Dead 2,July,2023,32490.1,7465.4,29.83,53.929
STORY DRIVEN,Red Dead 2,June,2023,25024.7,2158.4,9.44,44.594
STORY DRIVEN,Red Dead 2,May,2023,22866.3,-4030.0,-14.98,43.387
STORY DRIVEN,Red Dead 2,April,2023,26896.3,-400.6,-1.47,49.104
STORY DRIVEN,Red Dead 2,March,2023,27296.9,-4567.3,-14.33,51.699
STORY DRIVEN,Red Dead 2,February,2023,31864.2,-10544.4,-24.86,66.221
STORY DRIVEN,Red Dead 2,January,2023,42408.6,3336.8,8.54,70.787
STORY DRIVEN,Red Dead 2,December,2022,39071.8,16535.7,73.37,63.092
STORY DRIVEN,Red Dead 2,November,2022,22536.1,5628.8,33.29,66.113
STORY DRIVEN,Red Dead 2,October,2022,16907.3,-713.0,-4.05,36.083
STORY DRIVEN,Red Dead 2,September,2022,17620.4,-664.5,-3.63,34.026
STORY DRIVEN,Red Dead 2,August,2022,18284.8,-2743.5,-13.05,33.31
STORY DRIVEN,Red Dead 2,July,2022,21028.4,4939.5,30.7,34.677
STORY DRIVEN,Red Dead 2,June,2022,16088.9,-1444.2,-8.24,29.994
STORY DRIVEN,Red Dead 2,May,2022,17533.1,-117.0,-0.66,31.301
STORY DRIVEN,Red Dead 2,April,2022,17650.0,-87.1,-0.49,36.925
STORY DRIVEN,Red Dead 2,March,2022,17737.2,-2709.3,-13.25,34.264
STORY DRIVEN,Red Dead 2,February,2022,20446.5,-5684.6,-21.75,38.796
STORY DRIVEN,Red Dead 2,January,2022,26131.1,3444.8,15.18,41.289
STORY DRIVEN,Red Dead 2,December,2021,22686.2,6569.8,40.76,39.284
STORY DRIVEN,Red Dead 2,November,2021,16116.5,3556.1,28.31,40.154
STORY DRIVEN,Red Dead 2,October,2021,12560.4,-2372.5,-15.89,23.229
STORY DRIVEN,Red Dead 2,September,2021,14932.9,-992.9,-6.23,28.444
STORY DRIVEN,Red Dead 2,August,2021,15925.8,-1078.6,-6.34,26.771
STORY DRIVEN,Red Dead 2,July,2021,17004.4,4956.9,41.15,28.222
STORY DRIVEN,Red Dead 2,June,2021,12047.5,-271.9,-2.21,20.701
STORY DRIVEN,Red Dead 2,May,2021,12319.4,-89.9,-0.72,23.909
STORY DRIVEN,Red Dead 2,April,2021,12409.3,-1134.8,-8.38,24.23
STORY DRIVEN,Red Dead 2,March,2021,13544.1,-3106.6,-18.66,26.285
STORY DRIVEN,Red Dead 2,February,2021,16650.7,-2853.7,-14.63,27.539
STORY DRIVEN,Red Dead 2,January,2021,19504.3,2224.3,12.87,32.225
STORY DRIVEN,Red Dead 2,December,2020,17280.0,2813.3,19.45,31.958
STORY DRIVEN,Red Dead 2,November,2020,14466.6,-1622.7,-10.09,28.593
STORY DRIVEN,Red Dead 2,October,2020,16089.4,4750.1,41.89,31.679
STORY DRIVEN,Red Dead 2,September,2020,11339.3,-3849.1,-25.34,24.256
STORY DRIVEN,Red Dead 2,August,2020,15188.4,1248.6,8.96,26.223
STORY DRIVEN,Red Dead 2,July,2020,13939.9,2284.8,19.6,23.167
STORY DRIVEN,Red Dead 2,June,2020,11655.1,-3569.4,-23.44,20.131
STORY DRIVEN,Red Dead 2,May,2020,15224.5,736.2,5.08,26.618
STORY DRIVEN,Red Dead 2,April,2020,14488.3,-1998.4,-12.12,28.754
STORY DRIVEN,Red Dead 2,March,2020,16486.7,-7779.2,-32.06,30.022
STORY DRIVEN,Red Dead 2,February,2020,24266.0,-851.1,-3.39,50.007
STORY DRIVEN,Red Dead 2,January,2020,25117.1,-3509.2,-12.26,51.03
STORY DRIVEN,Red Dead 2,December,2019,28626.3,,,55.269
STORY DRIVEN,Cyberpunk 2077,Last 30 Days,,34088.6,1118.4,3.39,67.536
STORY DRIVEN,Cyberpunk 2077,September,2025,32970.2,-14443.9,-30.46,63.411
STORY DRIVEN,Cyberpunk 2077,August,2025,47414.1,4916.4,11.57,83.863
STORY DRIVEN,Cyberpunk 2077,July,2025,42497.6,14656.9,52.65,70.422
STORY DRIVEN,Cyberpunk 2077,June,2025,27840.7,982.5,3.66,56.726
STORY DRIVEN,Cyberpunk 2077,May,2025,26858.2,1914.8,7.68,57.605
STORY DRIVEN,Cyberpunk 2077,April,2025,24943.4,-4439.6,-15.11,45.973
STORY DRIVEN,Cyberpunk 2077,March,2025,29383.0,-3477.3,-10.58,61.274
STORY DRIVEN,Cyberpunk 2077,February,2025,32860.3,-10156.2,-23.61,66.521
STORY DRIVEN,Cyberpunk 2077,January,2025,43016.6,125.1,0.29,71.962
STORY DRIVEN,Cyberpunk 2077,December,2024,42891.5,14316.8,50.1,71.296
STORY DRIVEN,Cyberpunk 2077,November,2024,28574.7,1918.7,7.2,54.954
STORY DRIVEN,Cyberpunk 2077,October,2024,26656.0,823.2,3.19,50.754
STORY DRIVEN,Cyberpunk 2077,September,2024,25832.8,1353.1,5.53,57.379
STORY DRIVEN,Cyberpunk 2077,August,2024,24479.7,-482.0,-1.93,48.068
STORY DRIVEN,Cyberpunk 2077,July,2024,24961.7,3149.0,14.44,42.923
STORY DRIVEN,Cyberpunk 2077,June,2024,21812.7,-596.4,-2.66,40.623
STORY DRIVEN,Cyberpunk 2077,May,2024,22409.1,-3278.9,-12.76,42.906
STORY DRIVEN,Cyberpunk 2077,April,2024,25688.1,-76.2,-0.3,53.453
STORY DRIVEN,Cyberpunk 2077,March,2024,25764.3,-3539.1,-12.08,48.57
STORY DRIVEN,Cyberpunk 2077,February,2024,29303.4,-9350.1,-24.19,54.61
STORY DRIVEN,Cyberpunk 2077,January,2024,38653.5,-9979.1,-20.52,72.853
STORY DRIVEN,Cyberpunk 2077,December,2023,48632.7,8391.5,20.85,88.875
STORY DRIVEN,Cyberpunk 2077,November,2023,40241.1,-54668.2,-57.6,81.39
STORY DRIVEN,Cyberpunk 2077,October,2023,94909.3,37649.5,65.75,273.99
STORY DRIVEN,Cyberpunk 2077,September,2023,57259.7,40798.3,247.84,258.88
STORY DRIVEN,Cyberpunk 2077,August,2023,16461.4,-2424.7,-12.84,32.08
STORY DRIVEN,Cyberpunk 2077,July,2023,18886.1,4149.4,28.16,31.956
STORY DRIVEN,Cyberpunk 2077,June,2023,14736.7,2859.0,24.07,30.953
STORY DRIVEN,Cyberpunk 2077,May,2023,11877.7,-4214.3,-26.19,22.434
STORY DRIVEN,Cyberpunk 2077,April,2023,16091.9,2754.9,20.66,31.446
STORY DRIVEN,Cyberpunk 2077,March,2023,13337.0,-1864.8,-12.27,26.135
STORY DRIVEN,Cyberpunk 2077,February,2023,15201.8,-11678.1,-43.45,29.184
STORY DRIVEN,Cyberpunk 2077,January,2023,26879.9,-1208.0,-4.3,43.719
STORY DRIVEN,Cyberpunk 2077,December,2022,28087.9,-3119.0,-9.99,45.266
STORY DRIVEN,Cyberpunk 2077,November,2022,31207.0,-21987.6,-41.33,56.955
STORY DRIVEN,Cyberpunk 2077,October,2022,53194.6,9897.5,22.86,118.285
STORY DRIVEN,Cyberpunk 2077,September,2022,43297.1,32885.8,315.87,136.724
STORY DRIVEN,Cyberpunk 2077,August,2022,10411.3,-1185.7,-10.22,18.695
STORY DRIVEN,Cyberpunk 2077,July,2022,11597.0,1607.7,16.09,19.519
STORY DRIVEN,Cyberpunk 2077,June,2022,9989.3,-895.6,-8.23,18.516
STORY DRIVEN,Cyberpunk 2077,May,2022,10884.9,-1558.0,-12.52,24.052
STORY DRIVEN,Cyberpunk 2077,April,2022,12442.9,-5237.9,-29.62,23.181
STORY DRIVEN,Cyberpunk 2077,March,2022,17680.7,-4295.0,-19.54,35.109
STORY DRIVEN,Cyberpunk 2077,February,2022,21975.8,7456.1,51.35,59.061
STORY DRIVEN,Cyberpunk 2077,January,2022,14519.7,-2254.0,-13.44,27.587
STORY DRIVEN,Cyberpunk 2077,December,2021,16773.7,6331.4,60.63,30.227
STORY DRIVEN,Cyberpunk 2077,November,2021,10442.2,2438.6,30.47,28.779
STORY DRIVEN,Cyberpunk 2077,October,2021,8003.6,-2229.1,-21.78,16.25
STORY DRIVEN,Cyberpunk 2077,September,2021,10232.7,-199.6,-1.91,19.706
STORY DRIVEN,Cyberpunk 2077,August,2021,10432.3,798.4,8.29,21.483
STORY DRIVEN,Cyberpunk 2077,July,2021,9634.0,769.5,8.68,17.11
STORY DRIVEN,Cyberpunk 2077,June,2021,8864.5,-1523.9,-14.67,15.703
STORY DRIVEN,Cyberpunk 2077,May,2021,10388.4,-2606.2,-20.06,17.885
STORY DRIVEN,Cyberpunk 2077,April,2021,12994.5,-151.3,-1.15,25.322
STORY DRIVEN,Cyberpunk 2077,March,2021,13145.8,-11559.0,-46.79,22.89
STORY DRIVEN,Cyberpunk 2077,February,2021,24704.8,-57441.8,-69.93,47.115
STORY DRIVEN,Cyberpunk 2077,January,2021,82146.7,-250249.0,-75.29,225.67
STORY DRIVEN,Cyberpunk 2077,December,2020,332395.7,,,830.387
STORY DRIVEN(INDIE),Silksong,Last 30 Days,,72487.0,-118637.4,-62.07,189.837
STORY DRIVEN(INDIE),Silksong,September,2025,191124.4,,,462.134
STORY DRIVEN(INDIE),Clair Obscur Expedition 33,Last 30 Days,,7743.8,-719.9,-8.51,15.104
STORY DRIVEN(INDIE),Clair Obscur Expedition 33,September,2025,8463.7,-3276.0,-27.91,18.282
STORY DRIVEN(INDIE),Clair Obscur Expedition 33,August,2025,11739.7,-4722.2,-28.69,23.184
STORY DRIVEN(INDIE),Clair Obscur Expedition 33,July,2025,16461.9,-9159.2,-35.75,33.714
STORY DRIVEN(INDIE),Clair Obscur Expedition 33,June,2025,25621.1,-38277.0,-59.9,66.257
STORY DRIVEN(INDIE),Clair Obscur Expedition 33,May,2025,63898.1,-3100.1,-4.63,144.901
STORY DRIVEN(INDIE),Clair Obscur Expedition 33,April,2025,66998.2,,,120.344
RPG,New World,Last 30 Days,,20339.0,11276.5,124.43,50.987
RPG,New World,September,2025,9062.5,564.9,6.65,17.482
RPG,New World,August,2025,8497.6,2455.3,40.64,13.351
RPG,New World,July,2025,6042.3,713.8,13.4,10.969
RPG,New World,June,2025,5328.5,-585.6,-9.9,9.253
RPG,New World,May,2025,5914.1,320.6,5.73,9.633
RPG,New World,April,2025,5593.5,-1289.5,-18.73,8.509
RPG,New World,March,2025,6883.0,-1837.2,-21.07,11.57
RPG,New World,February,2025,8720.2,-1322.5,-13.17,14.588
RPG,New World,January,2025,10042.7,-2410.4,-19.36,17.046
RPG,New World,December,2024,12453.1,-9774.4,-43.97,25.111
RPG,New World,November,2024,22227.5,1704.2,8.3,44.245
RPG,New World,October,2024,20523.4,16197.1,374.39,61.364
RPG,New World,September,2024,4326.2,1040.7,31.68,8.711
RPG,New World,August,2024,3285.5,-355.4,-9.76,5.095
RPG,New World,July,2024,3640.9,-1432.6,-28.24,6.208
RPG,New World,June,2024,5073.5,-1108.2,-17.93,8.466
RPG,New World,May,2024,6181.7,-1536.0,-19.9,9.783
RPG,New World,April,2024,7717.7,-1411.5,-15.46,13.046
RPG,New World,March,2024,9129.2,-1528.6,-14.34,14.4
RPG,New World,February,2024,10657.8,-5689.4,-34.8,17.532
RPG,New World,January,2024,16347.3,-1877.5,-10.3,29.121
RPG,New World,December,2023,18224.7,-6307.7,-25.71,30.227
RPG,New World,November,2023,24532.4,-12862.9,-34.4,45.836
RPG,New World,October,2023,37395.3,23371.6,166.66,77.642
RPG,New World,September,2023,14023.7,1979.4,16.43,25.912
RPG,New World,August,2023,12044.3,-2783.2,-18.77,20.091
RPG,New World,July,2023,14827.4,3474.7,30.61,25.878
RPG,New World,June,2023,11352.8,-2975.4,-20.77,20.288
RPG,New World,May,2023,14328.1,-2582.1,-15.27,23.468
RPG,New World,April,2023,16910.3,1950.3,13.04,28.227
RPG,New World,March,2023,14959.9,-4113.3,-21.57,24.14
RPG,New World,February,2023,19073.2,-9435.8,-33.1,32.988
RPG,New World,January,2023,28509.0,-13263.2,-31.75,49.914
RPG,New World,December,2022,41772.2,-25986.5,-38.35,73.97
RPG,New World,November,2022,67758.6,33014.7,95.02,137.755
RPG,New World,October,2022,34744.0,9474.8,37.5,69.605
RPG,New World,September,2022,25269.2,8765.2,53.11,45.745
RPG,New World,August,2022,16504.0,3205.2,24.1,25.505
RPG,New World,July,2022,13298.9,-316.5,-2.32,26.604
RPG,New World,June,2022,13615.4,-2960.1,-17.86,22.565
RPG,New World,May,2022,16575.5,-5226.7,-23.97,28.373
RPG,New World,April,2022,21802.1,762.8,3.63,37.734
RPG,New World,March,2022,21039.4,-11348.5,-35.04,34.098
RPG,New World,February,2022,32387.8,-32719.0,-50.25,67.943
RPG,New World,January,2022,65106.8,-18069.1,-21.72,117.042
RPG,New World,December,2021,83176.0,-71993.1,-46.4,145.038
RPG,New World,November,2021,155169.0,-255001.7,-62.17,357.188
RPG,New World,October,2021,410170.7,,,913.027
RPG,Lost Ark,Last 30 Days,,9599.3,-4045.6,-29.65,19.209
RPG,Lost Ark,September,2025,13644.9,-2049.1,-13.06,28.243
RPG,Lost Ark,August,2025,15694.0,3931.8,33.43,29.641
RPG,Lost Ark,July,2025,11762.1,-2306.8,-16.4,25.149
RPG,Lost Ark,June,2025,14069.0,-4269.3,-23.28,24.506
RPG,Lost Ark,May,2025,18338.2,3990.2,27.81,35.241
RPG,Lost Ark,April,2025,14348.0,1239.5,9.46,37.028
RPG,Lost Ark,March,2025,13108.5,-4135.5,-23.98,28.988
RPG,Lost Ark,February,2025,17244.0,-9569.0,-35.69,31.282
RPG,Lost Ark,January,2025,26813.0,4434.3,19.81,40.645
RPG,Lost Ark,December,2024,22378.8,5338.4,31.33,34.909
RPG,Lost Ark,November,2024,17040.3,-933.3,-5.19,27.185
RPG,Lost Ark,October,2024,17973.6,526.5,3.02,30.987
RPG,Lost Ark,September,2024,17447.1,-2538.1,-12.7,30.582
RPG,Lost Ark,August,2024,19985.1,372.9,1.9,29.74
RPG,Lost Ark,July,2024,19612.2,294.3,1.52,32.987
RPG,Lost Ark,June,2024,19317.9,-36460.3,-65.37,32.179
RPG,Lost Ark,May,2024,55778.2,3103.1,5.89,94.636
RPG,Lost Ark,April,2024,52675.0,16611.9,46.06,80.934
RPG,Lost Ark,March,2024,36063.1,-12409.7,-25.6,57.368
RPG,Lost Ark,February,2024,48472.8,13454.5,38.42,74.167
RPG,Lost Ark,January,2024,35018.3,-8346.8,-19.25,61.791
RPG,Lost Ark,December,2023,43365.1,-13491.0,-23.73,76.536
RPG,Lost Ark,November,2023,56856.1,20782.1,57.61,92.052
RPG,Lost Ark,October,2023,36074.0,2113.5,6.22,55.815
RPG,Lost Ark,September,2023,33960.5,7814.9,29.89,55.605
RPG,Lost Ark,August,2023,26145.6,1755.2,7.2,47.514
RPG,Lost Ark,July,2023,24390.3,-7105.8,-22.56,41.813
RPG,Lost Ark,June,2023,31496.1,-21536.4,-40.61,50.884
RPG,Lost Ark,May,2023,53032.5,-19250.3,-26.63,93.465
RPG,Lost Ark,April,2023,72282.8,-38532.7,-34.77,104.411
RPG,Lost Ark,March,2023,110815.5,-57395.4,-34.12,210.379
RPG,Lost Ark,February,2023,168210.9,-2017.7,-1.19,231.166
RPG,Lost Ark,January,2023,170228.5,-99261.2,-36.83,333.008
RPG,Lost Ark,December,2022,269489.7,79864.5,42.12,346.761
RPG,Lost Ark,November,2022,189625.2,33239.2,21.25,280.576
RPG,Lost Ark,October,2022,156386.0,7297.6,4.89,257.779
RPG,Lost Ark,September,2022,149088.4,-19251.1,-11.44,229.63
RPG,Lost Ark,August,2022,168339.4,-46291.2,-21.57,350.545
RPG,Lost Ark,July,2022,214630.6,-251158.7,-53.92,351.516
RPG,Lost Ark,June,2022,465789.3,-23231.1,-4.75,885.379
RPG,Lost Ark,May,2022,489020.4,134122.6,37.79,797.694
RPG,Lost Ark,April,2022,354897.8,-89219.4,-20.09,569.729
RPG,Lost Ark,March,2022,444117.2,-254976.9,-36.47,907.696
RPG,Lost Ark,February,2022,699094.1,,,1324.761
BATTLE ROYALE,Pubg,Last 30 Days,,272918.3,-5177.3,-1.86,750.442
BATTLE ROYALE,Pubg,September,2025,278095.6,-17408.3,-5.89,707.773
BATTLE ROYALE,Pubg,August,2025,295504.0,-7757.4,-2.56,724.503
BATTLE ROYALE,Pubg,July,2025,303261.3,-6630.7,-2.14,944.484
BATTLE ROYALE,Pubg,June,2025,309892.0,4638.8,1.52,778.327
BATTLE ROYALE,Pubg,May,2025,305253.2,-12187.9,-3.84,804.674
BATTLE ROYALE,Pubg,April,2025,317441.0,-28086.3,-8.13,861.598
BATTLE ROYALE,Pubg,March,2025,345527.3,28751.0,9.08,1329.605
BATTLE ROYALE,Pubg,February,2025,316776.4,9226.1,3.0,818.843
BATTLE ROYALE,Pubg,January,2025,307550.3,-13547.6,-4.22,786.821
BATTLE ROYALE,Pubg,December,2024,321097.9,5484.7,1.74,799.077
BATTLE ROYALE,Pubg,November,2024,315613.2,22263.2,7.59,796.001
BATTLE ROYALE,Pubg,October,2024,293350.0,-4917.4,-1.65,762.909
BATTLE ROYALE,Pubg,September,2024,298267.4,13019.9,4.56,807.515
BATTLE ROYALE,Pubg,August,2024,285247.5,-8149.3,-2.78,719.506
BATTLE ROYALE,Pubg,July,2024,293396.8,5898.3,2.05,700.235
BATTLE ROYALE,Pubg,June,2024,287498.5,16134.3,5.95,699.256
BATTLE ROYALE,Pubg,May,2024,271364.2,-9489.0,-3.38,693.105
BATTLE ROYALE,Pubg,April,2024,280853.2,-488.9,-0.17,699.697
BATTLE ROYALE,Pubg,March,2024,281342.1,31027.1,12.4,764.034
BATTLE ROYALE,Pubg,February,2024,250314.9,757.3,0.3,609.366
BATTLE ROYALE,Pubg,January,2024,249557.7,2545.1,1.03,587.152
BATTLE ROYALE,Pubg,December,2023,247012.5,40804.0,19.79,623.852
BATTLE ROYALE,Pubg,November,2023,206208.6,17537.8,9.3,502.374
BATTLE ROYALE,Pubg,October,2023,188670.8,6714.4,3.69,444.585
BATTLE ROYALE,Pubg,September,2023,181956.4,1583.5,0.88,415.099
BATTLE ROYALE,Pubg,August,2023,180372.9,16865.2,10.31,397.857
BATTLE ROYALE,Pubg,July,2023,163507.7,-935.7,-0.57,356.738
BATTLE ROYALE,Pubg,June,2023,164443.4,-19055.5,-10.38,376.727
BATTLE ROYALE,Pubg,May,2023,183499.0,-14237.3,-7.2,414.957
BATTLE ROYALE,Pubg,April,2023,197736.3,-5668.8,-2.79,444.973
BATTLE ROYALE,Pubg,March,2023,203405.1,-17466.4,-7.91,459.344
BATTLE ROYALE,Pubg,February,2023,220871.5,17213.1,8.45,490.332
BATTLE ROYALE,Pubg,January,2023,203658.4,-8631.9,-4.07,465.423
BATTLE ROYALE,Pubg,December,2022,212290.4,28370.6,15.43,586.384
BATTLE ROYALE,Pubg,November,2022,183919.8,-12639.1,-6.43,425.493
BATTLE ROYALE,Pubg,October,2022,196558.9,1119.8,0.57,440.651
BATTLE ROYALE,Pubg,September,2022,195439.0,11066.5,6.0,448.41
BATTLE ROYALE,Pubg,August,2022,184372.5,7354.3,4.15,395.91
BATTLE ROYALE,Pubg,July,2022,177018.2,-4169.6,-2.3,391.255
BATTLE ROYALE,Pubg,June,2022,181187.8,-19666.4,-9.79,413.426
BATTLE ROYALE,Pubg,May,2022,200854.2,-22687.2,-10.15,468.207
BATTLE ROYALE,Pubg,April,2022,223541.4,-2573.4,-1.14,527.433
BATTLE ROYALE,Pubg,March,2022,226114.9,-15059.6,-6.24,535.587
BATTLE ROYALE,Pubg,February,2022,241174.5,-1147.9,-0.47,532.109
BATTLE ROYALE,Pubg,January,2022,242322.4,88651.5,57.69,696.704
BATTLE ROYALE,Pubg,December,2021,153670.8,12409.6,8.78,363.839
BATTLE ROYALE,Pubg,November,2021,141261.2,-17176.7,-10.84,341.57
BATTLE ROYALE,Pubg,October,2021,158437.9,-8664.2,-5.18,393.496
BATTLE ROYALE,Pubg,September,2021,167102.1,-17726.3,-9.59,400.709
BATTLE ROYALE,Pubg,August,2021,184828.4,-1421.6,-0.76,444.355
BATTLE ROYALE,Pubg,July,2021,186250.0,6911.7,3.85,413.274
BATTLE ROYALE,Pubg,June,2021,179338.3,-5362.9,-2.9,427.913
BATTLE ROYALE,Pubg,May,2021,184701.2,-1409.4,-0.76,419.509
BATTLE ROYALE,Pubg,April,2021,186110.6,-7003.5,-3.63,453.579
BATTLE ROYALE,Pubg,March,2021,193114.2,-5843.3,-2.94,464.48
BATTLE ROYALE,Pubg,February,2021,198957.5,-2289.7,-1.14,447.39
BATTLE ROYALE,Pubg,January,2021,201247.2,12013.6,6.35,451.998
BATTLE ROYALE,Pubg,December,2020,189233.6,9713.3,5.41,444.68
BATTLE ROYALE,Pubg,November,2020,179520.3,16934.6,10.42,438.919
BATTLE ROYALE,Pubg,October,2020,162585.6,-6508.1,-3.85,381.079
BATTLE ROYALE,Pubg,September,2020,169093.7,-23398.9,-12.16,403.693
BATTLE ROYALE,Pubg,August,2020,192492.6,-19207.7,-9.07,443.39
BATTLE ROYALE,Pubg,July,2020,211700.3,-18629.4,-8.09,469.568
BATTLE ROYALE,Pubg,June,2020,230329.7,-12929.0,-5.31,546.359
BATTLE ROYALE,Pubg,May,2020,243258.8,411.5,0.17,553.121
BATTLE ROYALE,Pubg,April,2020,242847.3,14380.1,6.29,913.075
BATTLE ROYALE,Pubg,March,2020,228467.2,-29117.2,-11.3,562.028
BATTLE ROYALE,Pubg,February,2020,257584.3,-17778.7,-6.46,606.689
BATTLE ROYALE,Pubg,January,2020,275363.0,-33082.4,-10.73,645.414
BATTLE ROYALE,Pubg,December,2019,308445.5,2786.1,0.91,686.239
BATTLE ROYALE,Pubg,November,2019,305659.4,18526.0,6.45,695.92
BATTLE ROYALE,Pubg,October,2019,287133.4,-24310.9,-7.81,637.87
BATTLE ROYALE,Pubg,September,2019,311444.3,-47086.7,-13.13,660.864
BATTLE ROYALE,Pubg,August,2019,358531.0,5642.1,1.6,750.941
BATTLE ROYALE,Pubg,July,2019,352888.9,-10194.5,-2.81,745.224
BATTLE ROYALE,Pubg,June,2019,363083.4,-22757.2,-5.9,745.96
BATTLE ROYALE,Pubg,May,2019,385840.6,-4260.3,-1.09,817.595
BATTLE ROYALE,Pubg,April,2019,390100.9,-27711.6,-6.63,886.255
BATTLE ROYALE,Pubg,March,2019,417812.5,-20146.6,-4.6,931.407
BATTLE ROYALE,Pubg,February,2019,437959.1,-59844.2,-12.02,931.754
BATTLE ROYALE,Pubg,January,2019,497803.3,24262.0,5.12,1084.606
BATTLE ROYALE,Pubg,December,2018,473541.3,55381.8,13.24,1109.766
BATTLE ROYALE,Pubg,November,2018,418159.5,-50982.3,-10.87,895.65
BATTLE ROYALE,Pubg,October,2018,469141.7,-73465.3,-13.54,1048.662
BATTLE ROYALE,Pubg,September,2018,542607.1,-76713.4,-12.39,1125.229
BATTLE ROYALE,Pubg,August,2018,619320.5,-69299.9,-10.06,1260.894
BATTLE ROYALE,Pubg,July,2018,688620.4,-112047.8,-13.99,1350.463
BATTLE ROYALE,Pubg,June,2018,800668.2,-75512.4,-8.62,1750.216
BATTLE ROYALE,Pubg,May,2018,876180.6,-231001.2,-20.86,2175.704
BATTLE ROYALE,Pubg,April,2018,1107181.8,-188226.8,-14.53,2456.361
BATTLE ROYALE,Pubg,March,2018,1295408.6,-95606.7,-6.87,2799.269
BATTLE ROYALE,Pubg,February,2018,1391015.3,-193871.5,-12.23,2934.761
BATTLE ROYALE,Pubg,January,2018,1584886.8,148728.3,10.36,3236.027
BATTLE ROYALE,Pubg,December,2017,1436158.5,101988.4,7.64,3080.769
BATTLE ROYALE,Pubg,November,2017,1334170.1,247531.2,22.78,2915.723
BATTLE ROYALE,Pubg,October,2017,1086638.9,426446.1,64.59,2390.946
BATTLE ROYALE,Pubg,September,2017,660192.7,270665.3,69.49,1550.463
BATTLE ROYALE,Pubg,August,2017,389527.4,159825.7,69.58,874.171
BATTLE ROYALE,Pubg,July,2017,229701.7,89799.5,64.19,481.291
BATTLE ROYALE,Pubg,June,2017,139902.2,32460.6,30.21,267.194
BATTLE ROYALE,Pubg,May,2017,107441.6,37646.6,53.94,189.456
BATTLE ROYALE,Pubg,April,2017,69795.0,52243.8,297.67,140.104
FPS,Fragpunk,September,2025,1.8626,-6209.0,-2500.0,3.545
FPS,Fragpunk,August,2025,2.4834,-3675.0,-1289.0,4.854
FPS,Fragpunk,July,2025,2.8509,-8550.0,-2307.0,5.487
FPS,Fragpunk,June,2025,3.7059,-2.5667,-4092.0,6.915
FPS,Fragpunk,May,2025,6.2726,-3.1839,-3367.0,12.328
FPS,Fragpunk,April,2025,9.4565,-31.3016,-7680.0,21.28
FPS,Fragpunk,March,2025,40.7582,,,113.243
HERO SHOOTERS,Overwatch 2,Last 30 Days,,29869.2,-855.7,-2.78,50.626
HERO SHOOTERS,Overwatch 2,September,2025,30724.9,3436.7,12.59,46.341
HERO SHOOTERS,Overwatch 2,August,2025,27288.2,5362.1,24.46,58.06
HERO SHOOTERS,Overwatch 2,July,2025,21926.1,-1328.2,-5.71,30.153
HERO SHOOTERS,Overwatch 2,June,2025,23254.3,-2591.9,-10.03,37.106
HERO SHOOTERS,Overwatch 2,May,2025,25846.3,30.8,0.12,40.006
HERO SHOOTERS,Overwatch 2,April,2025,25815.5,1032.0,4.16,59.939
HERO SHOOTERS,Overwatch 2,March,2025,24783.5,693.6,2.88,40.105
HERO SHOOTERS,Overwatch 2,February,2025,24089.9,4581.1,23.48,58.897
HERO SHOOTERS,Overwatch 2,January,2025,19508.8,-5783.1,-22.87,36.182
HERO SHOOTERS,Overwatch 2,December,2024,25291.8,-6965.4,-21.59,48.626
HERO SHOOTERS,Overwatch 2,November,2024,32257.3,-2082.3,-6.06,56.607
HERO SHOOTERS,Overwatch 2,October,2024,34339.6,-1066.5,-3.01,58.217
HERO SHOOTERS,Overwatch 2,September,2024,35406.0,773.6,2.23,59.499
HERO SHOOTERS,Overwatch 2,August,2024,34632.4,5238.9,17.82,58.937
HERO SHOOTERS,Overwatch 2,July,2024,29393.6,1198.9,4.25,51.648
HERO SHOOTERS,Overwatch 2,June,2024,28194.7,-431.1,-1.51,50.23
HERO SHOOTERS,Overwatch 2,May,2024,28625.9,-1087.0,-3.66,51.505
HERO SHOOTERS,Overwatch 2,April,2024,29712.8,3132.5,11.79,60.819
HERO SHOOTERS,Overwatch 2,March,2024,26580.3,1903.2,7.71,45.666
HERO SHOOTERS,Overwatch 2,February,2024,24677.1,4524.6,22.45,41.298
HERO SHOOTERS,Overwatch 2,January,2024,20152.5,-590.1,-2.85,35.307
HERO SHOOTERS,Overwatch 2,December,2023,20742.7,6.3,0.03,38.536
HERO SHOOTERS,Overwatch 2,November,2023,20736.4,1435.0,7.43,38.886
HERO SHOOTERS,Overwatch 2,October,2023,19301.4,1438.0,8.05,37.788
HERO SHOOTERS,Overwatch 2,September,2023,17863.4,-10463.8,-36.94,33.414
HERO SHOOTERS,Overwatch 2,August,2023,28327.2,,,75.361
HERO SHOOTERS,Marvel Rivals,Last 30 Days,,63531.1,-886.4,-1.38,127.557
HERO SHOOTERS,Marvel Rivals,September,2025,64417.5,-13084.7,-16.88,131.528
HERO SHOOTERS,Marvel Rivals,August,2025,77502.2,-5322.9,-6.43,149.457
HERO SHOOTERS,Marvel Rivals,July,2025,82825.1,3019.3,3.78,162.931
HERO SHOOTERS,Marvel Rivals,June,2025,79805.8,-22310.7,-21.85,158.539
HERO SHOOTERS,Marvel Rivals,May,2025,102116.5,-32001.7,-23.86,189.945
HERO SHOOTERS,Marvel Rivals,April,2025,134118.1,-10183.7,-7.06,315.153
HERO SHOOTERS,Marvel Rivals,March,2025,44301.9,-83697.7,-36.71,307.057
HERO SHOOTERS,Marvel Rivals,February,2025,227999.6,-78066.1,-25.51,437.272
HERO SHOOTERS,Marvel Rivals,January,2025,306065.7,26663.4,9.54,642.333
HERO SHOOTERS,Marvel Rivals,December,2024,279402.3,,,418.832
